INSERT INTO ogpd (name) 
VALUES (N'28 May');
GO

INSERT INTO fields (name, ogpd_id)
VALUES (N'SWG', 1);
GO

INSERT INTO platforms (name, field_id)
VALUES 
  (2, 1),
  (3, 1),
  (4, 1),
  (5, 1),
  (6, 1),
  (7, 1),
  (8, 1),
  (9, 1),
  (10, 1),
  (11, 1),
  (13, 1),
  (14, 1),
  (15, 1),
  (19, 1);
GO

INSERT INTO wells (name, platform_id)
VALUES
  (N'102', 1),
  (N'103', 1),
  (N'104', 1),
  (N'105', 1),
  (N'106', 1),
  (N'107', 1),
  (N'108', 1),
  (N'109', 1),
  (N'110', 1),
  (N'12', 1),
  (N'15', 1),
  (N'17', 1),
  (N'2', 1),
  (N'111', 2),
  (N'112', 2),
  (N'113', 2),
  (N'114', 2),
  (N'115', 2),
  (N'116', 2),
  (N'117', 2),
  (N'118', 2),
  (N'119', 2),
  (N'120', 2),
  (N'121', 2),
  (N'122', 2),
  (N'123', 2),
  (N'124', 2),
  (N'125', 2),
  (N'126', 2),
  (N'127', 2),
  (N'128', 2),
  (N'129', 2),
  (N'20', 2),
  (N'290', 2),
  (N'51', 2),
  (N'53', 2),
  (N'81', 2),
  (N'101', 3),
  (N'130', 3),
  (N'131', 3),
  (N'133', 3),
  (N'134', 3),
  (N'135', 3),
  (N'136', 3),
  (N'137', 3),
  (N'138', 3),
  (N'139', 3),
  (N'140', 3),
  (N'23', 3),
  (N'291', 3),
  (N'292', 3),
  (N'293', 3),
  (N'64', 3),
  (N'65', 3),
  (N'66', 3),
  (N'67', 3),
  (N'68', 3),
  (N'100', 4),
  (N'18', 4),
  (N'212', 4),
  (N'213', 4),
  (N'215', 4),
  (N'216', 4),
  (N'219', 4),
  (N'221', 4),
  (N'223', 4),
  (N'226', 4),
  (N'227', 4),
  (N'241', 4),
  (N'270', 4),
  (N'286', 4),
  (N'295', 4),
  (N'330', 4),
  (N'331', 4),
  (N'332', 4),
  (N'333', 4),
  (N'334', 4),
  (N'335', 4),
  (N'336', 4),
  (N'337', 4),
  (N'365', 4),
  (N'366', 4),
  (N'84', 4),
  (N'85', 4),
  (N'86', 4),
  (N'87', 4),
  (N'94', 4),
  (N'95', 4),
  (N'96', 4),
  (N'144', 5),
  (N'145', 5),
  (N'147', 5),
  (N'148', 5),
  (N'149', 5),
  (N'150', 5),
  (N'151', 5),
  (N'152', 5),
  (N'153', 5),
  (N'154', 5),
  (N'155', 5),
  (N'156', 5),
  (N'157', 5),
  (N'159', 5),
  (N'42', 5),
  (N'421', 5),
  (N'45', 5),
  (N'49', 5),
  (N'55', 5),
  (N'70', 5),
  (N'82', 5),
  (N'29', 6),
  (N'29a', 6),
  (N'316', 6),
  (N'317', 6),
  (N'318', 6),
  (N'320', 6),
  (N'321', 6),
  (N'322', 6),
  (N'323', 6),
  (N'324', 6),
  (N'324a', 6),
  (N'325', 6),
  (N'326', 6),
  (N'327', 6),
  (N'328', 6),
  (N'329', 6),
  (N'338', 6),
  (N'339', 6),
  (N'342', 6),
  (N'342a', 6),
  (N'348', 6),
  (N'348a', 6),
  (N'349', 6),
  (N'356', 6),
  (N'356a', 6),
  (N'357', 6),
  (N'358', 6),
  (N'359', 6),
  (N'360', 6),
  (N'360a', 6),
  (N'38', 6),
  (N'132', 7),
  (N'132a', 7),
  (N'141', 7),
  (N'142', 7),
  (N'162', 7),
  (N'164', 7),
  (N'165', 7),
  (N'228', 7),
  (N'231', 7),
  (N'232', 7),
  (N'233', 7),
  (N'238', 7),
  (N'242', 7),
  (N'26', 7),
  (N'287', 7),
  (N'288', 7),
  (N'289', 7),
  (N'296', 7),
  (N'297', 7),
  (N'298', 7),
  (N'299', 7),
  (N'300', 7),
  (N'302', 7),
  (N'303', 7),
  (N'303a', 7),
  (N'304', 7),
  (N'309', 7),
  (N'310', 7),
  (N'34', 7),
  (N'34a', 7),
  (N'13', 8),
  (N'161', 8),
  (N'163', 8),
  (N'201', 8),
  (N'202', 8),
  (N'203', 8),
  (N'205', 8),
  (N'206', 8),
  (N'208', 8),
  (N'3', 8),
  (N'88', 8),
  (N'92', 8),
  (N'143', 9),
  (N'160', 9),
  (N'167', 9),
  (N'180', 9),
  (N'181', 9),
  (N'182', 9),
  (N'183', 9),
  (N'184', 9),
  (N'185', 9),
  (N'186', 9),
  (N'187', 9),
  (N'188', 9),
  (N'189', 9),
  (N'190', 9),
  (N'191', 9),
  (N'192', 9),
  (N'193', 9),
  (N'194', 9),
  (N'195', 9),
  (N'196', 9),
  (N'197', 9),
  (N'198', 9),
  (N'199', 9),
  (N'200', 9),
  (N'204', 9),
  (N'340', 9),
  (N'341', 9),
  (N'341a', 9),
  (N'43', 9),
  (N'50', 9),
  (N'61', 9),
  (N'166', 10),
  (N'168', 10),
  (N'169', 10),
  (N'170', 10),
  (N'171', 10),
  (N'172', 10),
  (N'173', 10),
  (N'174', 10),
  (N'175', 10),
  (N'176', 10),
  (N'177', 10),
  (N'178', 10),
  (N'179', 10),
  (N'207', 10),
  (N'209', 10),
  (N'210', 10),
  (N'211', 10),
  (N'214', 10),
  (N'230', 10),
  (N'234', 10),
  (N'239', 10),
  (N'30', 10),
  (N'307', 10),
  (N'31', 10),
  (N'344', 10),
  (N'345', 10),
  (N'346', 10),
  (N'347', 10),
  (N'44', 10),
  (N'48', 10),
  (N'52', 10),
  (N'54', 10),
  (N'56', 10),
  (N'57', 10),
  (N'58', 10),
  (N'59', 10),
  (N'78', 10),
  (N'83', 10),
  (N'217', 11),
  (N'218', 11),
  (N'240', 11),
  (N'243', 11),
  (N'244', 11),
  (N'245', 11),
  (N'246', 11),
  (N'249', 11),
  (N'250', 11),
  (N'308', 11),
  (N'311', 11),
  (N'312', 11),
  (N'313', 11),
  (N'313a', 11),
  (N'314', 11),
  (N'315', 11),
  (N'33', 11),
  (N'350', 11),
  (N'351', 11),
  (N'352', 11),
  (N'420', 11),
  (N'427', 11),
  (N'428', 11),
  (N'430', 11),
  (N'432', 11),
  (N'435', 11),
  (N'436', 11),
  (N'46', 11),
  (N'47', 11),
  (N'79', 11),
  (N'80', 11),
  (N'22', 12),
  (N'222', 12),
  (N'225', 12),
  (N'229', 12),
  (N'24', 12),
  (N'247', 12),
  (N'251', 12),
  (N'252', 12),
  (N'253', 12),
  (N'254', 12),
  (N'255', 12),
  (N'256', 12),
  (N'257', 12),
  (N'258', 12),
  (N'259', 12),
  (N'260', 12),
  (N'261', 12),
  (N'262', 12),
  (N'263', 12),
  (N'264', 12),
  (N'265', 12),
  (N'266', 12),
  (N'267', 12),
  (N'268', 12),
  (N'269', 12),
  (N'301', 12),
  (N'305', 12),
  (N'306', 12),
  (N'343', 12),
  (N'353', 12),
  (N'353a', 12),
  (N'354', 12),
  (N'355', 12),
  (N'401', 12),
  (N'402', 12),
  (N'408', 12),
  (N'41', 12),
  (N'411', 12),
  (N'412', 12),
  (N'417', 12),
  (N'62', 12),
  (N'63', 12),
  (N'74', 12),
  (N'76', 12),
  (N'77', 12),
  (N'77a', 12),
  (N'220', 13),
  (N'235', 13),
  (N'236', 13),
  (N'237', 13),
  (N'248', 13),
  (N'271', 13),
  (N'272', 13),
  (N'273', 13),
  (N'274', 13),
  (N'275', 13),
  (N'276', 13),
  (N'277', 13),
  (N'278', 13),
  (N'279', 13),
  (N'280', 13),
  (N'281', 13),
  (N'282', 13),
  (N'283', 13),
  (N'285', 13),
  (N'294', 13),
  (N'431', 13),
  (N'89', 13),
  (N'93', 13),
  (N'97', 13),
  (N'98', 13),
  (N'99', 13),
  (N'28', 14),
  (N'37', 14),
  (N'405', 14),
  (N'406', 14),
  (N'407', 14),
  (N'410', 14),
  (N'69', 14),
  (N'71', 14),
  (N'72', 14),
  (N'73', 14),
  (N'75', 14),
  (N'75a', 14),
  (N'90', 14),
  (N'91', 14);
GO

INSERT INTO horizons (name)
VALUES
  (N'Sabunçu_II'),
  (N'Sabunçu_III'),
  (N'Sabunçu_IV'),
  (N'Sabunçu_IV+Sabunçu_III'),
  (N'Sabunçu_III+Sabunçu_II'),
  (N'BLD_V+Sabunçu_IV'),
  (N'BLD_V'),
  (N'BLD_VI'),
  (N'BLD_VII'),
  (N'BLD_VIII'),
  (N'BLD_IX'),
  (N'BLD_X'),
  (N'BLD_X+BLD_IX'),
  (N'BLD_IX+BLD_VIII'),
  (N'BLD_VIII+BLD_VII'),
  (N'BLD_VII+BLD_VI'),
  (N'BLD_VI+BLD_V'),
  (N'FLD'),
  (N'FLD+BLD_X'),
  (N'QÜG'),
  (N'QÜG+FLD'),
  (N'QÜQ'),
  (N'QÜQ+QÜG'),
  (N'QD'),
  (N'QD+QÜQ'),
  (N'QA'),
  (N'QA+QD'),
  (N'QaLD'),
  (N'QaLD+QA'),
  (N'BLD_X+BLD_VIII'),
  (N'QA+QÜQ'),
  (N'QA+QÜG');
GO

INSERT INTO well_stock_categories (name)
VALUES
  (N'Neft quyu fondu'),
  (N'Qaz quyu fondu'),
  (N'Suvurucu quyu fondu'),
  (N'Qazvurucu quyu fondu'),
  (N'Müşahidə quyu fondu'),
  (N'Uducu quyu fondu');

GO

INSERT INTO well_stock_sub_categories (name)
VALUES
  (N'İstismar'),
  (N'Ləğv olunmuş'),
  (N'Ləğvini gözləyən'),
  (N'Konservasiyada olan');

GO

INSERT INTO production_well_stock_sub_categories (name)
VALUES 
  (N'Fəaliyyətdə (məhsul verən)'),
  (N'Fəaliyyətdə (təmir gözləyən)'),
  (N'Fəaliyyətsiz'),
  (N'Qazmadan mənimsəmədə');

GO

INSERT INTO production_methods (name)
VALUES
  (N'Fontan'),
  (N'Qazlift (boru arxası)'),
  (N'Qazlift (həlqəvi fəza)'),
  (N'Qazlift (mandrel)'),
  (N'Erlift'),
  (N'ŞDN'),
  (N'MEDN'),
  (N'Vintli');
GO

INSERT INTO production_skins (name)
VALUES 
  (N'Keçici_Fond_Guyuları'),
  (N'Quyu_Ağzında_Aparılan_Əməliyyatlar'),
  (N'Tədqiqat_Cari_və_Əsaslı_Təmir_Məqsədilə_Quyulara_Müdaxilə'),
  (N'Yeni_Quyular'),
  (N'Dəniz_Özülüdə_və_ya_Quruda_Yığım_Nəql_Sistemi'),
  (N'İxrac_Sistemi'),
  (N'OPEC_Tələblərinin_Yerinə_Yetirilməsi');
GO

INSERT INTO production_sub_skins (name, production_skin_id)
VALUES
  (N'İdarə_Olunan_Keçici_Fond', 1),
  (N'Quyuağzı_Bütövlülüyü', 2),
  (N'Quyudaxili_Avadanlıqların_Optimallaşdırılması', 3),
  (N'Layalara_və_Quyulara_Tədqiqatlarla_Aparılan_Nəzarət', 3),
  (N'Yatağın_İşlənməsinın_İdarə_Edilməsi_ilə_Bağlı_Fəaliyyətlər', 3),
  (N'Hasilatın_Bərpası_Məqsədilə_Aparılan_Təmirlər', 3),
  (N'Yan_Lülə_Quyular_İstismar_və_Vurucu', 4),
  (N'Quyu_Təyinatının_Dəyişdirilməsi', 4),
  (N'Dəniz_Özülüdə_və_ya_Quruda_Hasilat_Sistemi_ilə_Bağlı_Əməliyyatlar', 5),
  (N'Qazın_Sıxılması_Sistem_ilə_Bağlı_Əməliyyatlar', 5),
  (N'Suvurma_Sistemi_ilə_Bağlı_Əməliyyatlar', 5),
  (N'Neft_İxrac_Nasosu', 6),
  (N'İxrac_Boru_Kəmərinin_İşlək_Vəziyyətdə_Saxlanılması', 6),
  (N'Hasilatın_Azaldılması', 7);
GO

INSERT INTO production_sub_skins_activities (name, production_sub_skin_id)
VALUES
  (N'1.1.1_Cari ilin yanvarın 1-də Bazadakı quyularda hasilatın azalma dərəcəsi', 1),
  (N'1.1.2_Quyuların il ərzində fəaliyyətsiz fonda keçməsi və təmirdən sonra işlək fonduna (bazaya) qaytarılması', 1),
  (N'2.2.1_Fontan armaturana daxil olan siyirtmələrin bütövlüyünün yoxlanılması', 2),
  (N'2.2.2_Quyudaxili Təhlükəsizlik Klapanın bütövlüyünün yoxlanılması', 2),
  (N'2.2.3_Quyuağzı avadanlığının bütövlüyü ilə bağlı digər işlər (istismar və suvurucu quyular üçün)', 2),
  (N'3.1.1_ŞDN quyularında quyudaxili avadanlıqların optimallaşdırılması  (Misal; nasosun dəyişdirilməsi)', 3),
  (N'3.1.2_MEDN quyularında quyudaxili avadanlıqların optimallaşdırılması  (Misal; nasosun dəyişdirilməsi)', 3),
  (N'3.1.3_Vintli nasos quyularında quyudaxili avadanlıqların optimallaşdırılması  (Misal; nasosun dəyişdirilməsi)', 3),
  (N'3.1.4_Qaz-lift quyularında qaz-maye qaldırıcının və avadanlıqların optimallaşdırılması (Misal; sıraları tənzimləmək, klapanlar tətbiqi, və.s)', 3),
  (N'3.1.5_Neft, qaz və qaz-kondensat fontan quyularında qaz-maye qaldırıcının optimallaşdırılması ((məsələn, NKB-ın uzunluğu və ölçüsü)', 3),
  (N'3.1.6_İstismar üsullarının dəyişdirilməsi', 3),
  (N'3.2.1_Quyudibi nümunələrin götürülməsi (neft, qaz, su, qum və s)', 4),
  (N'3.2.2_İstismar karotaji - PLT/ILT (istismar və vurucu quyularında axın və vurma profilinin çıxarılması, mayenin bir laydan digərinə axmasınln təyin edilməsi)', 4),
  (N'3.2.3_Quyudibi təzyiqin bərpa (istismar quyularda) və düşmə (vurucu quyularda) əyrilərin çıxarılması (lay təzyiqi, skin, kh əmsalının təyini)', 4),
  (N'3.2.4_Akustik Noise və DAS cihazların tədbiqi (qumun gəlmə intervalının təyini, NKB-da və kəmərdə sızmaların təyini və s.)', 4),
  (N'3.2.5_Temperatur karotaji (sızmaların təyini,qaz amili yüksək olan intervalların təyini və s.)', 4),
  (N'3.2.6_Doyumluluq karotajı (əlavə neftə douymuş zonaların təyini)', 4),
  (N'3.2.7_CBL Sement karotaji (sementin kefiyyıtini təyin edilməsi)', 4),
  (N'3.2.8_Çox ayaqlı Kaliper (kəmərin və qaldırıcı boruların vəziyyətini təyin edilməsi)', 4),
  (N'3.3.1_İstismarda olan horizontda yeni perforasiya intervalının əlavə edilməsi', 5),
  (N'3.3.2_İstismarda olan horizonta yeni horizontun (üst və ya alt) əlavə edilməsi - iki horizontun birgə istismarını həyata keçirilməsi', 5),
  (N'3.3.3_Su, qaz vurmada olan horizonta yeni horizontun (üst və ya alt) əlavəsi, vurmanın iki horizonta birgə həyata keçirilməsi (dəstək altında istasmar quyularında əlavə hasilat)', 5),
  (N'3.3.4_İstismar quyuların yuxarı və ya aşağı horizonta qaytarılması', 5),
  (N'3.3.5_Vurucu quyuların yuxarı və ya aşağı horizonta qaytarılması (dəstək altında olan istismar quyularında əlavə hasilat)', 5),
  (N'3.3.6_İstismar quyularında lay sularının təcrid olunma əməliyyatları (kimyəvi və mexaniki)', 5),
  (N'3.3.7_Quyu ətrafı zonaya təsir üsulları (hidravliki yarılma, turşu ilə işlənmə, termiki işlənmə və s)', 5),
  (N'3.4.1_Boruların sızması və digər hidravlik izolyasiya problemlərinin aradan qaldırılması', 6),
  (N'3.4.2_Mövcud tamamlanmış intervalın yenidən perforasiyası', 6),
  (N'3.4.3_Qum tıxacın yuyulması', 6),
  (N'3.4.4_Qumun gəlməsinin qarşısını almaq əməliyyatları (kimyəvi və mexaniki)', 6),
  (N'3.4.5_NKB-a və digər quydaxili avadanlıqlarda parafin və duz çöküntülərinə qarşı tədbirlər (mexaniki, istiliklə, kimyəvi və s.)', 6),
  (N'3.4.6_Qondarma qum süzgəclərin quraşdırılması', 6),
  (N'5.2.1_Yeni istismar və su vı ya qaz vurucu yan lülə quyuların qazılması (Əlavə olaraq bütün alt-sahələrdə olan əməliyyatlar daxil ola bilər)', 7),
  (N'5.3.1_Quyu təyinatının dəyişdirilməsi (misal: istismar quyunun su və ya qaz vurucuya kecirilməsi) (Əlavə olaraq bütün alt-sahələrdə olan əməliyyatlar daxil ola bilər)', 8),
  (N'5.3.3_İstismar quyuların istehsal növünün dəyişməsi (misal: neft quyusunu qaz quyusuna kecirməsi) (Əlavə olaraq bütün alt-sahələrdə olan əməliyyatlar daxil ola bilər)', 8),
  (N'6.1.1_Dəniz özülünün tam dayanması (planlaşdırılmış müddət ərzində)', 9),
  (N'6.1.2_Dəniz özülünün tam dayanması (planlaşdırılmışdan daha uzun müddət ərzində)', 9),
  (N'6.1.3_Hasilat sisteminin bir hissəsinin dayanması', 9),
  (N'6.1.4_Hasilat prosesi xəttinin dayanması', 9),
  (N'6.1.5_Hasilat prosesin dayanması', 9),
  (N'6.1.6_Fövqəladə dayanma', 9),
  (N'6.1.7_Sistemdəki limitlər: Əks təzyiqin qalxması (məs. sistemə əlavə qazın daxil olması), yerüstü avadanlıqlarda darboğazının aradan qaldırılmasıı: xəttlərdə təzyiqlərin aşağı salınması, əlavə xəttlərin çəkilməsi, g...', 9),
  (N'6.2.1_Qaz kompressorlarının nasazlığının bərpası', 10),
  (N'6.2.2_Qaz lift boru kəməri və axın xəttinin sızması, zədələnməsi, hidratın əmələ gəlməsi və s. problemlərin bərpası', 10),
  (N'6.2.3_Qaz vurma infrastrukturunun yenilənməsi, yeni kompressorların quraşdırılması, yeni xətlərin çəkilməsi və s', 10),
  (N'6.3.1_Suvurucu nasoslarının nasazlığının bərpası', 11),
  (N'6.3.2_Sistem axın xətlərinin sızması, zədələnməsi və s. səbəbiylə tam və ya qismən dayanma', 11),
  (N'6.3.3_Elektrik enerjisinin kəsilməsi', 11),
  (N'6.3.4_Suvurma infrastrukturunun təkmilləşdirilməsi, yeni nasosların quraşdırılması, yeni xətlərin çəkilməsi və s.', 11),
  (N'7.1.1_Mexanik, elektrik, idarəetmə sistemi və s. nasazlıqlar, insan səhvləri, yüksək temperatur və əks təzyiqdən bərpa', 12),
  (N'7.2.1_Ərsinləmə əməliyyati (parafin, su, qum təmizləmə)', 13),
  (N'7.2.2_Sızma/zədərin aşkarlanması və bərpası', 13),
  (N'8.1.1_Hədəfə nail olması üçün bir qrup istismar quyuların hasilatının azalması', 14);
GO




